Countrycode (Country Metadata.Csv),Countryname (Country Metadata.Csv),Dt Extraction (copy),IfclosedduetoCOVID19whend,Incomelevelname,Regionname,Statusof Schoolsaresomeall (copy) (group),Countryname,Year Pre,Year Prm,Year Sec,Year Ter,Latitude (generated),Longitude (generated),Enrollment,Se Pre Enrl,Se Prm Enrl,Se Sec Enrl,Se Ter Enrl
ERI,Eritrea,2020-06-08 03:47:50,,Low income,Sub-Saharan Africa,Closed,Eritrea,2018,2018,2018,2016,15.982,38.02,"667,452","47,047","349,753","260,421","10,231"
GNB,Guinea-Bissau,2020-06-08 03:47:50,,Low income,Sub-Saharan Africa,Closed,Guinea-Bissau,2010,2010,2006,2006,12.191,-14.475,"346,705","8,950","278,890","55,176","3,689"
SMR,San Marino,2020-06-08 03:47:50, 1-Mar,High income,Europe and Central Asia,Closed,San Marino,2018,2018,2018,2018,43.942,12.4611,"4,999",909,"1,698","1,653",739
GEO,Georgia,2020-06-08 03:47:50, 3-Mar,Upper middle income,Europe and Central Asia,Closed,Georgia,2008,2018,2018,2019,42.05,43.576,"815,661","78,642","305,368","280,425","151,226"
ITA,Italy,2020-06-08 03:47:50, 3-Mar,High income,Europe and Central Asia,Closed,Italy,2017,2017,2017,2017,44.3713,11.1084,"10,876,792","1,535,493","2,902,379","4,601,869","1,837,051"
MNG,Mongolia,2020-06-08 03:47:50,01jan2020,Lower middle income,East Asia and Pacific,Closed,Mongolia,2018,2018,2010,2018,46.516,102.564,"999,014","256,720","311,063","275,983","155,248"
KWT,Kuwait,2020-06-08 03:47:50,01mar2020,High income,Middle East and North Africa,Closed,Kuwait,2018,2018,2015,2018,29.3169,47.4272,"777,169","78,830","279,956","302,047","116,336"
YEM,"Yemen, Rep.",2020-06-08 03:47:50,01mar2020,Low income,Middle East and North Africa,Closed,"Yemen, Rep.",2016,2016,2016,2011,15.569,47.793,"6,119,823","36,320","3,900,134","1,915,871","267,498"
LBN,Lebanon,2020-06-08 03:47:50,02mar2020,Upper middle income,Middle East and North Africa,Closed,Lebanon,2018,2018,2018,2018,34.161,36.021,"1,363,393","220,396","509,280","402,502","231,215"
PSE,West Bank and Gaza,2020-06-08 03:47:50,05mar2020,Lower middle income,Middle East and North Africa,Closed,West Bank and Gaza,2018,2018,2018,2018,32.097,35.26,"1,626,357","150,851","488,184","764,986","222,336"
ARE,United Arab Emirates,2020-06-08 03:47:50,08mar2020,High income,Middle East and North Africa,Closed,United Arab Emirates,2017,2017,2017,2017,23.9299,53.9031,"1,362,359","155,999","486,086","528,480","191,794"
BTN,Bhutan,2020-06-08 03:47:50,09mar2020,Lower middle income,South Asia,Closed,Bhutan,2018,2018,2018,2018,27.5342,90.3002,"188,432","8,499","91,768","76,221","11,944"
SAU,Saudi Arabia,2020-06-08 03:47:50,09mar2020,High income,Middle East and North Africa,Closed,Saudi Arabia,2018,2018,2018,2018,24.191,44.32,"8,410,264","382,601","3,298,788","3,108,384","1,620,491"
BIH,Bosnia and Herzegovina,2020-06-08 03:47:50,10-Mar,Upper middle income,Europe and Central Asia,Closed,Bosnia and Herzegovina,2018,2018,2018,2018,44.342,17.804,"523,241","21,005","159,380","247,714","95,142"
MKD,North Macedonia,2020-06-08 03:47:50,10-Mar,Upper middle income,Europe and Central Asia,Closed,North Macedonia,2017,2017,2017,2017,41.636,21.676,"359,623","27,886","109,121","161,128","61,488"
QAT,Qatar,2020-06-08 03:47:50,10mar2020,High income,Middle East and North Africa,Closed,Qatar,2018,2018,2018,2018,25.3174,51.1522,"343,524","48,411","153,908","107,537","33,668"
AZE,Azerbaijan,2020-06-08 03:47:50,11-Mar,Upper middle income,Europe and Central Asia,Closed,Azerbaijan,2018,2018,2018,2018,40.46,47.883,"1,983,999","203,011","635,153","945,226","200,609"
CZE,Czech Republic,2020-06-08 03:47:50,11-Mar,High income,Europe and Central Asia,Closed,Czech Republic,2017,2017,2017,2017,49.848,15.2812,"2,068,763","367,453","575,980","772,457","352,873"
MDA,Moldova,2020-06-08 03:47:50,11-Mar,Lower middle income,Europe and Central Asia,Closed,Moldova,2018,2018,2018,2018,47.524,28.444,"586,158","132,459","140,141","226,281","87,277"
PAN,Panama,2020-06-08 03:47:50,11-Mar,High income,Latin America and Caribbean,Closed,Panama,2017,2017,2017,2016,8.348,-81.005,"998,348","95,481","418,852","322,913","161,102"
PRY,Paraguay,2020-06-08 03:47:50,11-Mar,Upper middle income,Latin America and Caribbean,Closed,Paraguay,2016,2016,2016,2010,-23.266,-58.409,"1,744,889","181,007","727,363","611,308","225,211"
,,2020-06-08 03:47:50,12-Mar,,,Closed,Kosovo,,,,,,,,,,,
CRI,Costa Rica,2020-06-08 03:47:50,12-Mar,Upper middle income,Latin America and Caribbean,Closed,Costa Rica,2018,2018,2018,2018,10.126,-84.075,"1,317,482","140,344","483,770","476,668","216,700"
IRL,Ireland,2020-06-08 03:47:50,12-Mar,High income,Europe and Central Asia,Closed,Ireland,2017,2017,2017,2017,53.214,-7.588,"1,289,122","112,646","559,151","392,294","225,031"
LVA,Latvia,2020-06-08 03:47:50,12-Mar,High income,Europe and Central Asia,Closed,Latvia,2017,2017,2017,2017,57.017,25.0173,"396,782","75,002","121,506","117,360","82,914"
SLV,El Salvador,2020-06-08 03:47:50,12-Mar,Lower middle income,Latin America and Caribbean,Closed,El Salvador,2018,2018,2018,2018,13.848,-89.229,"1,604,845","230,010","662,740","521,576","190,519"
TUR,Turkey,2020-06-08 03:47:50,12-Mar,Upper middle income,Europe and Central Asia,Closed,Turkey,2017,2017,2017,2017,39.144,34.188,"24,901,924","1,326,123","4,972,430","11,404,385","7,198,987"
DZA,Algeria,2020-06-08 03:47:50,12mar2020,Upper middle income,Middle East and North Africa,Closed,Algeria,2011,2018,2011,2018,28.6045,2.64,"11,093,218","490,035","4,429,994","4,572,513","1,600,676"
TUN,Tunisia,2020-06-08 03:47:50,12mar2020,Lower middle income,Middle East and North Africa,Closed,Tunisia,2016,2018,2016,2018,35.594,9.421,"2,771,845","250,813","1,201,736","1,047,035","272,261"
ARG,Argentina,2020-06-08 03:47:50,13-Mar,Upper middle income,Latin America and Caribbean,Closed,Argentina,2017,2017,2017,2017,-33.166,-64.31,"14,202,149","1,694,680","4,753,843","4,612,663","3,140,963"
BGR,Bulgaria,2020-06-08 03:47:50,13-Mar,Upper middle income,Europe and Central Asia,Closed,Bulgaria,2017,2017,2017,2017,42.625,24.521,"1,224,406","224,380","264,503","485,586","249,937"
BOL,Bolivia,2020-06-08 03:47:50,13-Mar,Lower middle income,Latin America and Caribbean,Closed,Bolivia,2018,2018,2018,,-16.71,-65.183,"2,966,735","353,898","1,379,099","1,233,738",
ECU,Ecuador,2020-06-08 03:47:50,13-Mar,Upper middle income,Latin America and Caribbean,Closed,Ecuador,2018,2018,2018,2015,-1.151,-78.308,"5,131,897","638,551","1,932,261","1,891,648","669,437"
HND,Honduras,2020-06-08 03:47:50,13-Mar,Lower middle income,Latin America and Caribbean,Closed,Honduras,2017,2017,2017,2018,14.881,-87.123,"2,290,953","245,010","1,123,945","655,090","266,908"
JAM,Jamaica,2020-06-08 03:47:50,13-Mar,Upper middle income,Latin America and Caribbean,Closed,Jamaica,2018,2018,2018,2015,18.163,-77.477,"627,156","103,220","248,836","200,563","74,537"
MNE,Montenegro,2020-06-08 03:47:50,13-Mar,Upper middle income,Europe and Central Asia,Closed,Montenegro,2018,2018,2018,2018,42.857,19.096,"135,689","15,490","39,288","57,085","23,826"
USA,United States,2020-06-08 03:47:50,13-Mar,High income,North America,Closed,United States,2017,2017,2017,2017,40.0792,-98.8164,"77,678,496","8,752,326","25,123,678","24,787,964","19,014,530"
GAB,Gabon,2020-06-08 03:47:50,13mar2020,Upper middle income,Sub-Saharan Africa,Closed,Gabon,2011,2011,2002,2003,-0.406,11.914,"478,438","45,225","317,946","105,191","10,076"
LBY,Libya,2020-06-08 03:47:50,13mar2020,Upper middle income,Middle East and North Africa,Closed,Libya,2006,2006,2006,2003,27.24,17.571,"1,885,226","22,246","755,338","732,614","375,028"
LKA,Sri Lanka,2020-06-08 03:47:50,13mar2020,Upper middle income,South Asia,Closed,Sri Lanka,2018,2018,2018,2018,7.3,80.727,"5,218,372","464,189","1,725,424","2,727,965","300,794"
PAK,Pakistan,2020-06-08 03:47:50,13mar2020,Lower middle income,South Asia,Closed,Pakistan,2018,2018,2018,2018,28.1854,66.6429,"46,803,404","8,636,383","22,931,304","13,357,618","1,878,101"
MSR,Montserrat,2020-06-08 03:47:50,14-Mar,,,Closed,Montserrat,2018,,,2010,16.7492,-62.1928,146,85,,,61
SUR,Suriname,2020-06-08 03:47:50,14-Mar,Upper middle income,Latin America and Caribbean,Closed,Suriname,2018,2018,2018,2002,4.248,-55.848,"149,434","18,150","67,690","58,408","5,186"
TTO,Trinidad and Tobago,2020-06-08 03:47:50,14-Mar,High income,Latin America and Caribbean,Closed,Trinidad and Tobago,2007,2010,2004,2004,10.4435,-61.2604,"283,067","29,585","131,350","105,381","16,751"
MRT,Mauritania,2020-06-08 03:47:50,14mar2020,Lower middle income,Sub-Saharan Africa,Closed,Mauritania,2015,2018,2018,2017,19.413,-10.6528,"947,589","36,182","655,261","236,775","19,371"
SDN,Sudan,2020-06-08 03:47:50,14mar2020,Lower middle income,Sub-Saharan Africa,Closed,Sudan,2017,2017,2017,2015,15.739,29.533,"8,824,167","1,066,381","4,899,664","2,205,034","653,088"
SEN,Senegal,2020-06-08 03:47:50,14mar2020,Lower middle income,Sub-Saharan Africa,Closed,Senegal,2018,2018,2018,2018,15.044,-15.081,"3,660,526","246,677","2,142,227","1,086,743","184,879"
AFG,Afghanistan,2020-06-08 03:47:50,15mar2020,Low income,South Asia,Closed,Afghanistan,2003,2018,2018,2018,34.023,65.5267,"10,003,625","24,220","6,544,906","3,063,889","370,610"
EGY,"Egypt, Arab Rep.",2020-06-08 03:47:50,15mar2020,Lower middle income,Middle East and North Africa,Closed,"Egypt, Arab Rep.",2018,2018,2018,2017,26.16,28.742,"26,071,892","1,377,342","12,643,289","9,136,789","2,914,473"
JOR,Jordan,2020-06-08 03:47:50,15mar2020,Upper middle income,Middle East and North Africa,Closed,Jordan,2018,2018,2018,2018,30.681,36.279,"2,372,736","128,036","1,133,982","789,822","320,896"
OMN,Oman,2020-06-08 03:47:50,15mar2020,High income,Middle East and North Africa,Closed,Oman,2018,2018,2018,2018,19.85,56.25,"900,153","79,246","278,745","422,440","119,722"
RWA,Rwanda,2020-06-08 03:47:50,15mar2020,Low income,Sub-Saharan Africa,Closed,Rwanda,2018,2018,2018,2018,-1.887,29.904,"3,464,409","226,706","2,503,705","658,285","75,713"
,,2020-06-08 03:47:50,16-Mar,,,Closed,*,,,,,,,,,,,
ABW,Aruba,2020-06-08 03:47:50,16-Mar,High income,Latin America and Caribbean,Closed,Aruba,2014,2014,2012,2016,12.5176,-69.9818,"22,195","2,811","9,816","8,377","1,191"
ATG,Antigua and Barbuda,2020-06-08 03:47:50,16-Mar,High income,Latin America and Caribbean,Closed,Antigua and Barbuda,2018,2018,2018,2012,17.625,-61.786,"21,821","2,050","10,123","7,856","1,792"
BHS,"Bahamas, The",2020-06-08 03:47:50,16-Mar,High income,Latin America and Caribbean,Closed,"Bahamas, The",2018,2018,2018,1995,24.7032,-78.0455,"63,942","3,594","29,504","26,884","3,960"
BLZ,Belize,2020-06-08 03:47:50,16-Mar,Upper middle income,Latin America and Caribbean,Closed,Belize,2018,2018,2018,2017,17.108,-88.744,"107,891","7,349","50,764","40,353","9,425"
BRA,Brazil,2020-06-08 03:47:50,16-Mar,Upper middle income,Latin America and Caribbean,Closed,Brazil,2017,2017,2017,2017,-11.694,-48.978,"52,898,352","5,101,935","16,106,812","23,118,180","8,571,423"
CHL,Chile,2020-06-08 03:47:50,16-Mar,High income,Latin America and Caribbean,Closed,Chile,2017,2017,2017,2017,-23.176,-69.201,"4,891,092","616,615","1,514,761","1,520,724","1,238,992"
COL,Colombia,2020-06-08 03:47:50,16-Mar,Upper middle income,Latin America and Caribbean,Closed,Colombia,2011,2018,2018,2018,3.794,-73.606,"12,842,289","1,309,386","4,303,833","4,821,029","2,408,041"
CYM,Cayman Islands,2020-06-08 03:47:50,16-Mar,High income,Latin America and Caribbean,Closed,Cayman Islands,2018,2018,2018,2008,19.3299,-81.1715,"10,094","1,407","4,299","3,476",912
DOM,Dominican Republic,2020-06-08 03:47:50,16-Mar,Upper middle income,Latin America and Caribbean,Closed,Dominican Republic,2018,2018,2018,2017,19.01,-70.1685,"3,006,800","299,149","1,226,414","924,714","556,523"
GRD,Grenada,2020-06-08 03:47:50,16-Mar,Upper middle income,Latin America and Caribbean,Closed,Grenada,2018,2018,2018,2018,12.111,-61.6867,"35,288","3,698","13,195","9,135","9,260"
GTM,Guatemala,2020-06-08 03:47:50,16-Mar,Upper middle income,Latin America and Caribbean,Closed,Guatemala,2018,2018,2018,2015,15.124,-90.711,"4,559,618","603,637","2,362,116","1,227,191","366,674"
GUY,Guyana,2020-06-08 03:47:50,16-Mar,Upper middle income,Latin America and Caribbean,Closed,Guyana,2012,2012,2012,2012,5.17,-58.939,"217,151","27,872","94,488","85,934","8,857"
KAZ,Kazakhstan,2020-06-08 03:47:50,16-Mar,Upper middle income,Europe and Central Asia,Closed,Kazakhstan,2019,2019,2019,2019,48.866,69.772,"5,060,284","985,721","1,461,448","1,928,070","685,045"
KGZ,Kyrgyz Republic,2020-06-08 03:47:50,16-Mar,Lower middle income,Europe and Central Asia,Closed,Kyrgyz Republic,2018,2018,2018,2018,41.741,75.043,"1,661,618","240,098","528,627","675,200","217,693"
LCA,St. Lucia,2020-06-08 03:47:50,16-Mar,Upper middle income,Latin America and Caribbean,Closed,St. Lucia,2018,2018,2018,2018,13.909,-60.9776,"33,162","3,259","15,874","11,792","2,237"
PER,Peru,2020-06-08 03:47:50,16-Mar,Upper middle income,Latin America and Caribbean,Closed,Peru,2018,2018,2018,2017,-12.664,-72.98,"9,911,513","1,642,768","3,592,865","2,779,973","1,895,907"
PRI,Puerto Rico,2020-06-08 03:47:50,16-Mar,High income,Latin America and Caribbean,Closed,Puerto Rico,2016,2016,2016,2016,18.242,-66.643,"731,094","34,475","227,548","236,001","233,070"
SRB,Serbia,2020-06-08 03:47:50,16-Mar,Upper middle income,Europe and Central Asia,Closed,Serbia,2018,2018,2018,2018,44.021,20.699,"1,220,968","163,931","266,759","534,106","256,172"
UZB,Uzbekistan,2020-06-08 03:47:50,16-Mar,Lower middle income,Europe and Central Asia,Closed,Uzbekistan,2018,2018,2017,2018,41.757,63.958,"7,410,552","732,852","2,485,178","3,892,888","299,634"
VEN,"Venezuela, RB",2020-06-08 03:47:50,16-Mar,Upper middle income,Latin America and Caribbean,Closed,"Venezuela, RB",2017,2017,2017,2009,6.983,-64.588,"8,989,863","1,190,349","3,285,299","2,391,174","2,123,041"
BGD,Bangladesh,2020-06-08 03:47:50,16mar2020,Lower middle income,South Asia,Closed,Bangladesh,2018,2018,2018,2018,24.598,90.1963,"39,936,844","3,578,384","17,338,100","15,869,820","3,150,539"
ETH,Ethiopia,2020-06-08 03:47:50,16mar2020,Low income,Sub-Saharan Africa,Closed,Ethiopia,2015,2015,2015,2014,8.435,38.786,"24,497,028","2,513,127","16,198,047","5,028,678","757,175"
KEN,Kenya,2020-06-08 03:47:50,16mar2020,Lower middle income,Sub-Saharan Africa,Closed,Kenya,2016,2016,2009,2017,0.806,38.166,"15,257,191","3,199,841","8,290,450","3,204,379","562,521"
MAR,Morocco,2020-06-08 03:47:50,16mar2020,Lower middle income,Middle East and North Africa,Closed,Morocco,2018,2018,2018,2018,31.129,-7.355,"8,943,156","693,233","4,322,623","2,871,043","1,056,257"
MDV,Maldives,2020-06-08 03:47:50,16mar2020,Upper middle income,South Asia,Closed,Maldives,2017,2017,2004,2017,4.221,73.463,"109,688","21,000","45,326","28,878","14,484"
MYS,Malaysia,2020-06-08 03:47:50,16mar2020,Upper middle income,East Asia and Pacific,Closed,Malaysia,2018,2017,2018,2018,4.416,102.099,"7,962,033","999,557","3,084,630","2,592,970","1,284,876"
CUW,Curacao,2020-06-08 03:47:50,17-Mar,High income,Latin America and Caribbean,Closed,Curacao,,2013,2013,2013,12.2129,-69.0407,"34,227",,"20,812","11,219","2,196"
LBR,Liberia,2020-06-08 03:47:50,17mar2020,Low income,Sub-Saharan Africa,Closed,Liberia,2017,2017,2015,2012,6.51,-9.33,"1,415,811","509,618","635,478","226,832","43,883"
MLT,Malta,2020-06-08 03:47:50,17mar2020,High income,Middle East and North Africa,Closed,Malta,2017,2017,2017,2017,35.9024,14.4137,"80,205","9,224","25,796","30,760","14,425"
ZWE,Zimbabwe,2020-06-08 03:47:50,17mar2020,Lower middle income,Sub-Saharan Africa,Closed,Zimbabwe,2013,2013,2013,2015,-19.098,30.047,"4,130,348","374,125","2,663,187","957,461","135,575"
SXM,Sint Maarten (Dutch part),2020-06-08 03:47:50,18-Mar,High income,Latin America and Caribbean,Closed,Sint Maarten (Dutch part),2014,2014,2014,2015,18.034,-63.0544,"7,732","1,148","3,677","2,713",194
GMB,"Gambia, The",2020-06-08 03:47:50,18mar2020,Low income,Sub-Saharan Africa,Closed,"Gambia, The",2018,2018,2010,2012,13.499,-14.641,"597,708","117,987","350,323","124,397","5,001"
THA,Thailand,2020-06-08 03:47:50,18mar2020,Upper middle income,East Asia and Pacific,Closed,Thailand,2018,2018,2018,2016,15.688,100.845,"15,401,441","1,824,392","4,900,785","6,265,551","2,410,713"
TZA,Tanzania,2020-06-08 03:47:50,18mar2020,Low income,Sub-Saharan Africa,Closed,Tanzania,2018,2018,2018,2016,-5.651,34.146,"13,861,603","1,422,868","10,111,671","2,148,466","178,598"
ZAF,South Africa,2020-06-08 03:47:50,18mar2020,Upper middle income,Sub-Saharan Africa,Closed,South Africa,2017,2017,2017,2017,-31.7,23.441,"14,612,546","862,195","7,582,154","5,052,180","1,116,017"
COD,"Congo, Dem. Rep.",2020-06-08 03:47:50,19mar2020,Low income,Sub-Saharan Africa,Closed,"Congo, Dem. Rep.",2015,2015,2015,2016,-1.418,23.607,"19,185,426","338,658","13,763,196","4,618,895","464,678"
FJI,Fiji,2020-06-08 03:47:50,19mar2020,Upper middle income,East Asia and Pacific,Closed,Fiji,2009,2016,2012,2005,-17.7941,177.9783,"229,247","9,149","110,127","97,254","12,717"
MLI,Mali,2020-06-08 03:47:50,19mar2020,Low income,Sub-Saharan Africa,Closed,Mali,2018,2018,2018,2017,18.211,-2.209,"3,727,291","131,114","2,477,081","1,046,493","72,603"
MUS,Mauritius,2020-06-08 03:47:50,19mar2020,Upper middle income,Sub-Saharan Africa,Closed,Mauritius,2018,2018,2018,2017,-20.2529,57.5902,"277,099","26,183","89,642","122,424","38,850"
SOM,Somalia,2020-06-08 03:47:50,19mar2020,Low income,Sub-Saharan Africa,Closed,Somalia,1986,2007,2007,1987,2.875,43.446,"561,291","1,558","457,132","86,929","15,672"
STP,Sao Tome and Principe,2020-06-08 03:47:50,19mar2020,Lower middle income,Sub-Saharan Africa,Closed,Sao Tome and Principe,2016,2017,2017,2015,0.216,6.595,"74,610","9,227","37,172","25,875","2,336"
HTI,Haiti,2020-06-08 03:47:50,20-Mar,Low income,Latin America and Caribbean,Closed,Haiti,1985,1998,1986,1986,19.3175,-72.4205,"1,656,768","21,000","1,485,722","143,758","6,288"
MEX,Mexico,2020-06-08 03:47:50,20-Mar,Upper middle income,Latin America and Caribbean,Closed,Mexico,2017,2017,2017,2017,22.925,-101.68,"37,589,612","4,942,523","14,182,288","14,034,552","4,430,248"
VCT,St. Vincent and the Grenadines,2020-06-08 03:47:50,20-Mar,Upper middle income,Latin America and Caribbean,Closed,St. Vincent and the Grenadines,2018,2018,2018,2015,13.2528,-61.1949,"27,700","2,514","13,198","9,808","2,180"
NER,Niger,2020-06-08 03:47:50,20mar2020,Low income,Sub-Saharan Africa,Closed,Niger,2018,2017,2017,2018,16.996,9.915,"3,821,784","186,772","2,768,305","786,582","80,125"
NPL,Nepal,2020-06-08 03:47:50,20mar2020,Low income,South Asia,Closed,Nepal,2019,2019,2019,2018,28.2114,83.5608,"8,796,624","958,127","3,970,016","3,463,763","404,718"
SYC,Seychelles,2020-06-08 03:47:50,20mar2020,High income,Sub-Saharan Africa,Closed,Seychelles,2018,2018,2018,2018,-4.6841,55.4924,"20,905","3,065","9,258","7,459","1,123"
TCD,Chad,2020-06-08 03:47:50,20mar2020,Low income,Sub-Saharan Africa,Closed,Chad,2016,2016,2016,2015,15.981,18.781,"2,804,270","14,114","2,213,223","535,112","41,821"
TGO,Togo,2020-06-08 03:47:50,20mar2020,Low income,Sub-Saharan Africa,Closed,Togo,2018,2018,2017,2018,7.7,1.106,"2,534,486","155,739","1,548,876","727,949","101,922"
ZMB,Zambia,2020-06-08 03:47:50,20mar2020,Lower middle income,Sub-Saharan Africa,Closed,Zambia,2016,2017,1994,2012,-15.13,25.268,"3,710,456","160,295","3,284,841","208,640","56,680"
COG,"Congo, Rep.",2020-06-08 03:47:50,21-Mar,Lower middle income,Sub-Saharan Africa,Closed,"Congo, Rep.",2012,2012,2012,2017,0.509,16.08,"1,182,484","53,920","734,493","339,250","54,821"
SSD,South Sudan,2020-06-08 03:47:50,21mar2020,Low income,Sub-Saharan Africa,Closed,South Sudan,2015,2015,2015,,7.1,30.48,"1,548,811","110,824","1,273,852","164,135",
LSO,Lesotho,2020-06-08 03:47:50,22mar2020,Lower middle income,Sub-Saharan Africa,Closed,Lesotho,2016,2017,2017,2018,-29.446,28.371,"579,807","53,793","367,931","136,497","21,586"
NAM,Namibia,2020-06-08 03:47:50,22mar2020,Upper middle income,Sub-Saharan Africa,Closed,Namibia,2018,2018,2007,2017,-21.276,17.219,"748,375","43,448","490,719","158,162","56,046"
SWZ,Eswatini,2020-06-08 03:47:50,22mar2020,Lower middle income,Sub-Saharan Africa,Closed,Eswatini,2011,2017,2016,2013,-26.5203,31.4607,"377,935","24,139","237,451","108,288","8,057"
BMU,Bermuda,2020-06-08 03:47:50,23-Mar,High income,North America,Closed,Bermuda,2015,2015,2015,2018,32.3019,-64.7737,"9,339",440,"4,147","4,040",712
DMA,Dominica,2020-06-08 03:47:50,23-Mar,Upper middle income,Latin America and Caribbean,Closed,Dominica,2016,2016,2015,1993,15.4238,-61.3411,"15,036","1,668","7,323","5,561",484
RUS,Russian Federation,2020-06-08 03:47:50,23-Mar,Upper middle income,Europe and Central Asia,Closed,Russian Federation,2017,2017,2017,2017,64.736,104.062,"28,618,148","6,252,808","6,573,633","9,905,067","5,886,641"
TCA,Turks and Caicos Islands,2020-06-08 03:47:50,23-Mar,High income,Latin America and Caribbean,Closed,Turks and Caicos Islands,2018,2018,2018,2015,21.7779,-71.7592,"7,359","1,077","3,680","2,316",286
BWA,Botswana,2020-06-08 03:47:50,23mar2020,Upper middle income,Sub-Saharan Africa,Closed,Botswana,2015,2015,2008,2017,-22.126,23.662,"595,707","33,425","344,618","168,220","49,444"
MOZ,Mozambique,2020-06-08 03:47:50,23mar2020,Low income,Sub-Saharan Africa,Closed,Mozambique,1986,2018,2017,2018,-13.852,38.042,"8,038,620","45,100","6,563,376","1,216,214","213,930"
MWI,Malawi,2020-06-08 03:47:50,23mar2020,Low income,Sub-Saharan Africa,Closed,Malawi,2015,2018,2018,2011,-13.2731,33.7428,"6,855,636","1,360,619","4,441,839","1,040,975","12,203"
TLS,Timor-Leste,2020-06-08 03:47:50,23mar2020,Lower middle income,East Asia and Pacific,Closed,Timor-Leste,2018,2018,2018,2010,-8.856,125.556,"408,633","21,399","212,849","155,832","18,553"
UGA,Uganda,2020-06-08 03:47:50,23mar2020,Low income,Sub-Saharan Africa,Closed,Uganda,2017,2017,2007,2014,1.9392,32.7415,"10,646,478","608,973","8,840,589","1,031,520","165,396"
TJK,Tajikistan,2020-06-08 03:47:50,24-Mar,Low income,Europe and Central Asia,Closed,Tajikistan,2017,2017,2013,2017,38.367,72.597,"2,190,522","91,081","771,040","1,062,975","265,426"
AGO,Angola,2020-06-08 03:47:50,24mar2020,Lower middle income,Sub-Saharan Africa,Closed,Angola,2016,2015,2016,2016,-12.836,17.808,"8,692,733","784,381","5,620,915","2,034,150","253,287"
CAF,Central African Republic,2020-06-08 03:47:50,24mar2020,Low income,Sub-Saharan Africa,Closed,Central African Republic,2017,2016,2017,2012,7.043,21.424,"976,622","12,489","813,767","137,844","12,522"
IDN,Indonesia,2020-06-08 03:47:50,24mar2020,Lower middle income,East Asia and Pacific,Closed,Indonesia,2018,2018,2018,2018,-0.739,114.045,"68,265,784","5,909,251","29,425,748","24,893,570","8,037,218"
IND,India,2020-06-08 03:47:50,24mar2020,Lower middle income,South Asia,Closed,India,2017,2017,2018,2018,22.741,78.236,"320,713,792","10,004,418","143,227,424","133,144,368","34,337,592"
BHR,Bahrain,2020-06-08 03:47:50,25feb2020,High income,Middle East and North Africa,Closed,Bahrain,2018,2018,2018,2018,26.025,50.5534,"292,429","34,585","113,878","99,026","44,940"
DJI,Djibouti,2020-06-08 03:47:50,25mar2020,Lower middle income,Middle East and North Africa,Closed,Djibouti,2019,2019,2019,2011,11.41,42.165,"142,564","3,659","68,701","65,499","4,705"
KNA,St. Kitts and Nevis,2020-06-08 03:47:50,26-Mar,High income,Latin America and Caribbean,Closed,St. Kitts and Nevis,2016,2016,2016,2015,17.147,-62.58,"14,410","1,275","5,452","4,175","3,508"
GIN,Guinea,2020-06-08 03:47:50,26mar2020,Low income,Sub-Saharan Africa,Closed,Guinea,2011,2016,2014,2014,10.599,-10.907,"2,761,717","151,512","1,776,560","715,702","117,943"
BRB,Barbados,2020-06-08 03:47:50,27-Mar,High income,Latin America and Caribbean,Closed,Barbados,2018,2018,2018,2011,13.1898,-59.559,"57,530","5,320","20,218","19,571","12,421"
IRQ,Iraq,2020-06-08 03:47:50,27feb2020,Upper middle income,Middle East and North Africa,Closed,Iraq,2007,2007,2007,2005,33.545,43.278,"7,435,696","108,929","4,864,350","2,037,509","424,908"
SLE,Sierra Leone,2020-06-08 03:47:50,31mar2020,Low income,Sub-Saharan Africa,Closed,Sierra Leone,2018,2018,2017,2002,8.677,-11.779,"1,961,620","90,701","1,369,738","492,140","9,041"
PLW,Palau,2020-06-08 03:47:50,Apirl 3,High income,East Asia and Pacific,Closed,Palau,2014,2014,2014,2013,7.5288,134.5573,"4,624",518,"1,639","1,604",863
FSM,"Micronesia, Fed. Sts.",2020-06-08 03:47:50,"Each State responsible so there isn't one set date but for the last two weeks of March, all schools have been closed.",Lower middle income,East Asia and Pacific,Closed,"Micronesia, Fed. Sts.",2015,2015,2005,2000,7.531,150.457,"31,195","2,264","13,758","13,634","1,539"
MMR,Myanmar,2020-06-08 03:47:50,Schools closed because of holidays,Lower middle income,East Asia and Pacific,Closed,Myanmar,2018,2018,2018,2018,21.841,96.05,"10,572,809","154,103","5,299,765","4,186,742","932,199"
CAN,Canada,2020-06-08 03:47:50,13-Mar,High income,North America,Closed (in select areas),Canada,1996,2017,2017,2017,59.2067,-111.1937,"7,152,802","509,589","2,364,626","2,653,009","1,625,578"
KHM,Cambodia,2020-06-08 03:47:50,14mar2020,Lower middle income,East Asia and Pacific,Closed (in select areas),Cambodia,2018,2018,2008,2018,12.69,104.444,"3,541,740","252,743","2,147,313","930,200","211,484"
NGA,Nigeria,2020-06-08 03:47:50,18mar2020,Lower middle income,Sub-Saharan Africa,Closed (in select areas),Nigeria,2010,2016,2016,2011,9.3417,7.678,"39,440,016","2,020,668","25,591,180","10,314,796","1,513,371"
,,2020-06-08 03:47:50,30apr2020,,,Closed (in select areas),Syria,,,,,,,,,,,
PHL,Philippines,2020-06-08 03:47:50,10mar2020,Lower middle income,East Asia and Pacific,Seasonal school closures,Philippines,2017,2017,2017,2017,17.181,121.256,"28,451,212","1,814,713","14,039,867","9,007,148","3,589,484"
BLR,Belarus,2020-06-08 03:47:50,,Upper middle income,Europe and Central Asia,Open with limitations,Belarus,2018,2018,2018,2018,53.3292,27.9492,"1,815,809","349,373","427,752","649,357","389,327"
BRN,Brunei Darussalam,2020-06-08 03:47:50,,High income,East Asia and Pacific,Open with limitations,Brunei Darussalam,2018,2018,2018,2018,4.452,114.557,"108,360","13,869","39,472","44,079","10,940"
JPN,Japan,2020-06-08 03:47:50,,High income,East Asia and Pacific,Open with limitations,Japan,2017,2017,2017,2017,35.962,137.855,"20,349,962","2,872,084","6,531,731","7,093,113","3,853,034"
NIC,Nicaragua,2020-06-08 03:47:50,,Lower middle income,Latin America and Caribbean,Open with limitations,Nicaragua,2010,2010,2010,2002,12.692,-85.03,"1,707,371","218,062","923,745","465,201","100,363"
SWE,Sweden,2020-06-08 03:47:50,,High income,Europe and Central Asia,Open with limitations,Sweden,2017,2017,2017,2017,66.2188,19,"2,665,410","461,746","861,086","916,224","426,354"
PRT,Portugal,2020-06-08 03:47:50, 8-Mar,High income,Europe and Central Asia,Open with limitations,Portugal,2017,2017,2017,2017,40.957,-7.9373,"2,000,703","253,959","629,804","769,977","346,963"
ALB,Albania,2020-06-08 03:47:50, 9-Mar,Upper middle income,Europe and Central Asia,Open with limitations,Albania,2018,2018,2018,2018,40.654,20.076,"652,592","81,026","170,861","268,872","131,833"
ISL,Iceland,2020-06-08 03:47:50, 9-Mar,High income,Europe and Central Asia,Open with limitations,Iceland,2017,2017,2017,2017,64.826,-18.417,"98,224","13,115","31,981","35,161","17,967"
IRN,"Iran, Islamic Rep.",2020-06-08 03:47:50,01mar2020,Upper middle income,Middle East and North Africa,Open with limitations,"Iran, Islamic Rep.",2016,2017,2017,2017,33.408,54.0418,"18,635,824","706,093","8,171,667","5,684,238","4,073,827"
SGP,Singapore,2020-06-08 03:47:50,04apr2020,High income,East Asia and Pacific,Open with limitations,Singapore,1989,2017,2017,2017,1.3389,103.8297,"618,445","17,858","234,653","171,319","194,615"
AUS,Australia,2020-06-08 03:47:50,07mar2020,High income,East Asia and Pacific,Open with limitations,Australia,2017,2017,2017,2017,-24.578,133.582,"7,170,490","528,373","2,216,779","2,650,486","1,774,852"
HUN,Hungary,2020-06-08 03:47:50,10-Mar,High income,Europe and Central Asia,Open with limitations,Hungary,2017,2017,2017,2017,47.174,19.618,"1,791,758","306,065","390,970","807,705","287,018"
HKG,"Hong Kong SAR, China",2020-06-08 03:47:50,10feb2020,High income,East Asia and Pacific,Open with limitations,"Hong Kong SAR, China",2018,2018,2018,2018,22.4114,114.0599,"1,196,009.8","182,995","365,732","349,086","298,196.72"
CYP,Cyprus,2020-06-08 03:47:50,11-Mar,High income,Europe and Central Asia,Open with limitations,Cyprus,2017,2017,2017,2017,34.894,32.928,"180,617","24,280","55,862","55,212","45,263"
POL,Poland,2020-06-08 03:47:50,11-Mar,High income,Europe and Central Asia,Open with limitations,Poland,2017,2017,2017,2017,52.442,19.72,"7,553,488","1,299,138","2,296,529","2,407,618","1,550,203"
ROU,Romania,2020-06-08 03:47:50,11-Mar,Upper middle income,Europe and Central Asia,Open with limitations,Romania,2017,2017,2017,2017,45.933,25.119,"3,483,465","521,196","928,245","1,502,438","531,586"
AUT,Austria,2020-06-08 03:47:50,12-Mar,High income,Europe and Central Asia,Open with limitations,Austria,2017,2017,2017,2017,47.65,14.705,"1,708,540.1","255,874.828125","334,933.16","687,361.75","430,370.41"
BEL,Belgium,2020-06-08 03:47:50,12-Mar,High income,Europe and Central Asia,Open with limitations,Belgium,2017,2017,2017,2017,50.6745,4.4588,"2,984,498","455,934","814,974","1,186,830","526,760"
DNK,Denmark,2020-06-08 03:47:50,12-Mar,High income,Europe and Central Asia,Open with limitations,Denmark,2017,2017,2017,2017,56.113,9.096,"1,497,943","178,961","472,523","534,080","312,379"
LTU,Lithuania,2020-06-08 03:47:50,12-Mar,High income,Europe and Central Asia,Open with limitations,Lithuania,2017,2017,2017,2017,55.342,24.23,"586,120","103,736","113,881","242,640","125,863"
NOR,Norway,2020-06-08 03:47:50,12-Mar,High income,Europe and Central Asia,Open with limitations,Norway,2017,2017,2017,2017,61.3701,9.3031,"1,357,563","181,358","444,638","447,525","284,042"
UKR,Ukraine,2020-06-08 03:47:50,12-Mar,Lower middle income,Europe and Central Asia,Open with limitations,Ukraine,2018,2018,2018,2018,49.364,32.132,"6,785,004","1,116,970","1,676,550","2,376,848","1,614,636"
ARM,Armenia,2020-06-08 03:47:50,13-Mar,Upper middle income,Europe and Central Asia,Open with limitations,Armenia,2018,2018,2018,2018,40.56,44.449,"540,503","49,214","153,415","234,983","102,891"
DEU,Germany,2020-06-08 03:47:50,13-Mar,High income,Europe and Central Asia,Open with limitations,Germany,2017,2017,2017,2017,51.3819,9.9877,"15,382,694","2,307,513","2,954,775","7,028,712.5","3,091,694"
ESP,Spain,2020-06-08 03:47:50,13-Mar,High income,Europe and Central Asia,Open with limitations,Spain,2017,2017,2017,2017,40.617,-3.388,"9,706,284","1,321,027","3,042,396","3,332,678","2,010,183"
EST,Estonia,2020-06-08 03:47:50,13-Mar,High income,Europe and Central Asia,Open with limitations,Estonia,2017,2017,2017,2017,58.777,25.977,"272,781","56,724","85,617","82,646","47,794"
ISR,Israel,2020-06-08 03:47:50,13mar2020,High income,Middle East and North Africa,Open with limitations,Israel,2017,2017,2017,2017,30.992,34.834,"2,648,636","534,846","917,118","819,462","377,210"
FIN,Finland,2020-06-08 03:47:50,16-Mar,High income,Europe and Central Asia,Open with limitations,Finland,2017,2017,2017,2017,62.716,26.192,"1,409,324","206,370","363,990","543,436","295,528"
HRV,Croatia,2020-06-08 03:47:50,16-Mar,High income,Europe and Central Asia,Open with limitations,Croatia,2017,2017,2017,2017,45.754,16.385,"787,188","119,198","162,955","339,838","165,197"
LUX,Luxembourg,2020-06-08 03:47:50,16-Mar,High income,Europe and Central Asia,Open with limitations,Luxembourg,2017,2017,2017,2017,49.671,6.113,"109,897","17,176","37,452","48,211","7,058"
NLD,Netherlands,2020-06-08 03:47:50,16-Mar,High income,Europe and Central Asia,Open with limitations,Netherlands,2017,2017,2017,2017,52.1704,5.0102,"4,211,999","504,272","1,181,893","1,650,379","875,455"
SVK,Slovak Republic,2020-06-08 03:47:50,16-Mar,High income,Europe and Central Asia,Open with limitations,Slovak Republic,2017,2017,2017,2017,48.8595,19.4434,"988,103","165,009","225,427","441,619","156,048"
SVN,Slovenia,2020-06-08 03:47:50,16-Mar,High income,Europe and Central Asia,Open with limitations,Slovenia,2017,2017,2017,2017,46.037,14.534,"412,224","60,759","123,998","147,920","79,547"
URY,Uruguay,2020-06-08 03:47:50,16-Mar,High income,Latin America and Caribbean,Open with limitations,Uruguay,2017,2017,2017,2017,-32.948,-56.249,"956,304","132,580","304,309","356,952","162,463"
BFA,Burkina Faso,2020-06-08 03:47:50,16mar2020,Low income,Sub-Saharan Africa,Open with limitations,Burkina Faso,2018,2018,2018,2018,12.673,-1.226,"4,686,723","81,931","3,206,060","1,281,007","117,725"
CIV,Cote d'Ivoire,2020-06-08 03:47:50,16mar2020,Lower middle income,Sub-Saharan Africa,Open with limitations,Cote d'Ivoire,2018,2018,2018,2017,7.497,-5.336,"6,338,832","180,176","3,900,222","2,040,520","217,914"
GHA,Ghana,2020-06-08 03:47:50,16mar2020,Lower middle income,Sub-Saharan Africa,Open with limitations,Ghana,2019,2019,2019,2018,7.258,-1.062,"9,696,756","1,852,028","4,549,875","2,851,160","443,693"
CHE,Switzerland,2020-06-08 03:47:50,17-Mar,High income,Europe and Central Asia,Open with limitations,Switzerland,2017,2017,2017,2017,46.7794,8.0329,"1,589,837","172,688","507,686","608,845","300,618"
FRA,France,2020-06-08 03:47:50,17-Mar,High income,Europe and Central Asia,Open with limitations,France,2017,2017,2017,2017,46.656,2.543,"15,462,340","2,561,237","4,309,942","6,058,330","2,532,831"
KOR,"Korea, Rep.",2020-06-08 03:47:50,18feb2020,High income,East Asia and Pacific,Open with limitations,"Korea, Rep.",2017,2017,2017,2017,36.338,128.16,"10,181,358","1,291,111","2,681,815","3,072,037","3,136,395"
CMR,Cameroon,2020-06-08 03:47:50,18mar2020,Lower middle income,Sub-Saharan Africa,Open with limitations,Cameroon,2018,2018,2016,2017,4.4,12.131,"7,215,039","515,914","4,201,988","2,206,878","290,259"
LAO,Lao PDR,2020-06-08 03:47:50,18mar2020,Lower middle income,East Asia and Pacific,Open with limitations,Lao PDR,2018,2018,2018,2018,19.595,102.538,"1,787,732","217,918","786,246","678,129","105,439"
GBR,United Kingdom,2020-06-08 03:47:50,20-Mar,High income,Europe and Central Asia,Open with limitations,United Kingdom,2017,2017,2017,2017,52.289,-1.259,"15,401,610","1,763,125","4,820,283","6,386,316.5","2,431,886.5"
MDG,Madagascar,2020-06-08 03:47:50,23mar2020,Low income,Sub-Saharan Africa,Open with limitations,Madagascar,2018,2018,2018,2018,-19.615,46.645,"7,427,233","874,378","4,860,888","1,548,208","143,759"
NZL,New Zealand,2020-06-08 03:47:50,24mar2020,High income,East Asia and Pacific,Open with limitations,New Zealand,2017,2017,2017,2017,-42.558,172.377,"1,256,983.3","117,752.703125","384,251","486,333.88","268,645.66"
PNG,Papua New Guinea,2020-06-08 03:47:50,24mar2020,Lower middle income,East Asia and Pacific,Open with limitations,Papua New Guinea,2016,2016,2016,1999,-5.636,142.798,"2,150,504","358,198","1,275,085","507,278","9,943"
CHN,China,2020-06-08 03:47:50,25jan2020,Upper middle income,East Asia and Pacific,Open with limitations,China,2018,2018,2018,2018,35.1753,99.3877,"277,131,392","46,001,393","101,872,976","84,321,856","44,935,168"
VNM,Vietnam,2020-06-08 03:47:50,27jan2020,Lower middle income,East Asia and Pacific,Open with limitations,Vietnam,2018,2018,1998,2016,21.75,105.373,"21,767,816","4,599,841","8,041,842","6,818,774","2,307,361"
GRC,Greece,2020-06-08 03:47:50,28-Feb,High income,Europe and Central Asia,Open with limitations,Greece,2017,2017,2017,2017,39.787,21.617,"2,204,532","152,462","649,246","667,797","735,027"
BEN,Benin,2020-06-08 03:47:50,30mar2020,Low income,Sub-Saharan Africa,Open with limitations,Benin,2018,2018,2016,2017,10.478,2.274,"3,515,567","172,424","2,223,966","992,999","126,178"
CPV,Cabo Verde,2020-06-08 03:47:50,,Lower middle income,Sub-Saharan Africa,Open,Cabo Verde,2018,2018,2018,2018,15.416,-23.36,"152,574","23,433","64,127","53,355","11,659"
GNQ,Equatorial Guinea,2020-06-08 03:47:50,,Upper middle income,Sub-Saharan Africa,Open,Equatorial Guinea,2015,2015,2005,2000,1.6342,10.4695,"159,539","39,596","93,396","25,544","1,003"
MHL,Marshall Islands,2020-06-08 03:47:50,,Upper middle income,East Asia and Pacific,Open,Marshall Islands,2016,2016,2016,2012,5.961,169.651,"15,933","1,162","7,941","5,500","1,330"
TKM,Turkmenistan,2020-06-08 03:47:50,,Upper middle income,Europe and Central Asia,Open,Turkmenistan,2014,2014,2014,2014,39.584,59.597,"1,242,991","188,518","359,064","650,998","44,411"
TUV,Tuvalu,2020-06-08 03:47:50,23mar2020,Upper middle income,East Asia and Pacific,Open,Tuvalu,2018,2018,2018,,-7.4786,178.6758,"3,088",675,"1,324","1,089",
TON,Tonga,2020-06-08 03:47:50,27mar2020,Upper middle income,East Asia and Pacific,Open,Tonga,2015,2015,2015,2003,-21.167,-175.19,"35,704","2,254","16,982","15,800",668
BDI,Burundi,2020-06-08 03:47:50,"schools are running as usual except ""Ecole Francaise"" and ""Ecole Belge"". ",Low income,Sub-Saharan Africa,Open,Burundi,2018,2018,2018,2017,-3.333,29.749,"3,015,054","107,591","2,170,884","674,855","61,724"
